{
    "p95 Time To First Token (ms)": [46.429538726806626, 50.4, 55.02, 70.12, 80.99, 94.0, 96.96412086486816, 97.82152175903319, 98.40869903564453, 187.2, 268.88322830200195, 456.26745223999023, 552.0882129669188, 585.1516246795653, 600.8272171020508, 895.2450752258301, 913.4064197540279, 945.2121257781982, 950.4408836364746, 950.4849910736084, 977.4526119232177, 1429.4769763946533, 1431.3950538635254, 1520.143985748291, 1696.936273574829, 1724.5442867279053, 1878.9772, 3041.0],
    "MT-Bench Score": [4.728291316526611, 5.184, 5.5594, 5.971, 6.205, 6.4557, 6.677871148459384, 6.773109243697479, 6.80672268907563, 7.17, 7.372549019607843, 7.490196078431373, 7.511299435028248, 7.528248587570621, 7.573446327683616, 7.649859943977591, 7.677966101694915, 7.748587570621469, 7.796610169491525, 7.8192090395480225, 7.861581920903955, 7.8841807909604515, 7.898305084745763, 7.943342776203966, 7.9491525423728815, 7.954674220963173, 7.998, 8.0198],
    "Gear Plan": ["ken_2BAC7", "ken_E0ux3", "ken_MxJtl", "ken_1xoCx", "ken_bxKUY", "ken_DzIXb", "ken_NRRhK", "ken_jHHNx", "ken_TmCNh", "ken_mxLJQ", "ken_XD2HE", "ken_OphSr", "ken_ZjeUo", "ken_3uxFc", "ken_JagNW", "ken_lIfjc", "ken_vdjPh", "ken_nazPN", "ken_JrSTb", "ken_uw19m", "ken_xI57N", "ken_3dNff", "ken_CO29N", "ken_g7sEc", "ken_6qlKD", "ken_b3fCE", "ken_Vi2Ty", "ken_zg3lH"]
}